"Episode: 0, Total Reward: 1546.5018310546875"
"Episode: 1, Total Reward: 1462.227783203125"
"Episode: 2, Total Reward: 1720.9937744140625"
"Episode: 3, Total Reward: 1374.602783203125"
"Episode: 4, Total Reward: 1368.4697265625"
"Episode: 5, Total Reward: 1609.7286376953125"
"Episode: 6, Total Reward: 1840.260009765625"
"Episode: 7, Total Reward: 1667.9906005859375"
"Episode: 8, Total Reward: 1625.0966796875"
"Episode: 9, Total Reward: 1876.6259765625"
"Episode: 10, Total Reward: 1791.0709228515625"
"Episode: 11, Total Reward: 1457.0389404296875"
"Episode: 12, Total Reward: 1456.439453125"
"Episode: 13, Total Reward: 1784.0601806640625"
"Episode: 14, Total Reward: 1702.55517578125"
"Episode: 15, Total Reward: 1755.8289794921875"
"Episode: 16, Total Reward: 1666.6297607421875"
"Episode: 17, Total Reward: 1426.2666015625"
"Episode: 18, Total Reward: 1271.8756103515625"
"Episode: 19, Total Reward: 1299.09228515625"
"Episode: 20, Total Reward: 1847.3583984375"
"Episode: 21, Total Reward: 1379.5362548828125"
"Episode: 22, Total Reward: 1457.3494873046875"
"Episode: 23, Total Reward: 1351.245849609375"
"Episode: 24, Total Reward: 1579.154296875"
"Episode: 25, Total Reward: 1894.2100830078125"
"Episode: 26, Total Reward: 1307.9283447265625"
"Episode: 27, Total Reward: 1684.21630859375"
"Episode: 28, Total Reward: 1625.103759765625"
"Episode: 29, Total Reward: 1468.971923828125"
"Episode: 30, Total Reward: 1791.813232421875"
"Episode: 31, Total Reward: 1733.389892578125"
"Episode: 32, Total Reward: 1580.545166015625"
"Episode: 33, Total Reward: 1673.29052734375"
"Episode: 34, Total Reward: 1583.4586181640625"
"Episode: 35, Total Reward: 939.8780517578125"
"Episode: 36, Total Reward: 925.62109375"
"Episode: 37, Total Reward: 1655.63671875"
"Episode: 38, Total Reward: 1886.1436767578125"
"Episode: 39, Total Reward: 1593.90185546875"
"Episode: 40, Total Reward: 1862.592041015625"
"Episode: 41, Total Reward: 1683.403564453125"
"Episode: 42, Total Reward: 1921.376220703125"
"Episode: 43, Total Reward: 1511.442138671875"
"Episode: 44, Total Reward: 1862.994873046875"
"Episode: 45, Total Reward: 1417.2406005859375"
"Episode: 46, Total Reward: 1181.5068359375"
"Episode: 47, Total Reward: 1785.1466064453125"
"Episode: 48, Total Reward: 1310.4044189453125"
"Episode: 49, Total Reward: 1617.7486572265625"
"Episode: 50, Total Reward: 1546.2276611328125"
"Episode: 51, Total Reward: 1371.3829345703125"
"Episode: 52, Total Reward: 1608.8408203125"
"Episode: 53, Total Reward: 1495.325927734375"
"Episode: 54, Total Reward: 1820.572265625"
"Episode: 55, Total Reward: 1468.839111328125"
"Episode: 56, Total Reward: 1560.694580078125"
"Episode: 57, Total Reward: 1829.4658203125"
"Episode: 58, Total Reward: 1791.5716552734375"
"Episode: 59, Total Reward: 1502.0228271484375"
"Episode: 60, Total Reward: 1479.7603759765625"
"Episode: 61, Total Reward: 1114.485107421875"
"Episode: 62, Total Reward: 1260.2794189453125"
"Episode: 63, Total Reward: 1667.452880859375"
"Episode: 64, Total Reward: 1732.951171875"
"Episode: 65, Total Reward: 1699.9022216796875"
"Episode: 66, Total Reward: 1241.3714599609375"
"Episode: 67, Total Reward: 1687.9825439453125"
"Episode: 68, Total Reward: 1765.93408203125"
"Episode: 69, Total Reward: 1216.80615234375"
"Episode: 70, Total Reward: 1730.555908203125"
"Episode: 71, Total Reward: 1683.755615234375"
"Episode: 72, Total Reward: 1907.207275390625"
"Episode: 73, Total Reward: 1555.3511962890625"
"Episode: 74, Total Reward: 1429.2236328125"
"Episode: 75, Total Reward: 1351.1719970703125"
"Episode: 76, Total Reward: 1676.86572265625"
"Episode: 77, Total Reward: 1711.8021240234375"
"Episode: 78, Total Reward: 1834.036376953125"
"Episode: 79, Total Reward: 1715.390625"
"Episode: 80, Total Reward: 1477.753662109375"
"Episode: 81, Total Reward: 1595.5186767578125"
"Episode: 82, Total Reward: 1430.8779296875"
"Episode: 83, Total Reward: 1368.3997802734375"
"Episode: 84, Total Reward: 1865.510986328125"
"Episode: 85, Total Reward: 1746.662109375"
"Episode: 86, Total Reward: 1746.82470703125"
"Episode: 87, Total Reward: 1613.6846923828125"
"Episode: 88, Total Reward: 2133.079345703125"
"Episode: 89, Total Reward: 1276.720947265625"
"Episode: 90, Total Reward: 1695.351318359375"
"Episode: 91, Total Reward: 1216.9146728515625"
"Episode: 92, Total Reward: 1470.86572265625"
"Episode: 93, Total Reward: 1508.5498046875"
"Episode: 94, Total Reward: 1667.40869140625"
"Episode: 95, Total Reward: 1949.110595703125"
"Episode: 96, Total Reward: 1532.304931640625"
"Episode: 97, Total Reward: 1903.8853759765625"
"Episode: 98, Total Reward: 1645.7137451171875"
"Episode: 99, Total Reward: 1856.1927490234375"
"Episode: 100, Total Reward: 1813.161865234375"
"Episode: 101, Total Reward: 1424.0382080078125"
"Episode: 102, Total Reward: 1774.997802734375"
"Episode: 103, Total Reward: 1291.83837890625"
"Episode: 104, Total Reward: 1847.1337890625"
"Episode: 105, Total Reward: 1311.539306640625"
"Episode: 106, Total Reward: 1418.509521484375"
"Episode: 107, Total Reward: 1592.0517578125"
"Episode: 108, Total Reward: 1575.2373046875"
"Episode: 109, Total Reward: 1274.6094970703125"
"Episode: 110, Total Reward: 1786.9852294921875"
"Episode: 111, Total Reward: 1863.491455078125"
"Episode: 112, Total Reward: 1343.7755126953125"
"Episode: 113, Total Reward: 1516.0367431640625"
"Episode: 114, Total Reward: 1720.90673828125"
"Episode: 115, Total Reward: 1623.5797119140625"
"Episode: 116, Total Reward: 1875.81396484375"
"Episode: 117, Total Reward: 1357.4122314453125"
"Episode: 118, Total Reward: 1760.83447265625"
"Episode: 119, Total Reward: 1507.16796875"
"Episode: 120, Total Reward: 1651.24169921875"
"Episode: 121, Total Reward: 1171.448974609375"
"Episode: 122, Total Reward: 1385.3905029296875"
"Episode: 123, Total Reward: 1706.7265625"
"Episode: 124, Total Reward: 1493.9998779296875"
"Episode: 125, Total Reward: 1760.551513671875"
"Episode: 126, Total Reward: 1590.280517578125"
"Episode: 127, Total Reward: 1696.932861328125"
"Episode: 128, Total Reward: 1734.2332763671875"
"Episode: 129, Total Reward: 1593.61572265625"
"Episode: 130, Total Reward: 1549.5177001953125"
"Episode: 131, Total Reward: 1391.3892822265625"
"Episode: 132, Total Reward: 1595.5750732421875"
"Episode: 133, Total Reward: 1988.5185546875"
"Episode: 134, Total Reward: 1900.3414306640625"
"Episode: 135, Total Reward: 1951.8602294921875"
"Episode: 136, Total Reward: 1566.2515869140625"
"Episode: 137, Total Reward: 1421.285888671875"
"Episode: 138, Total Reward: 1310.88623046875"
"Episode: 139, Total Reward: 1437.81298828125"
"Episode: 140, Total Reward: 1637.9195556640625"
"Episode: 141, Total Reward: 1659.3203125"
"Episode: 142, Total Reward: 1438.4168701171875"
"Episode: 143, Total Reward: 1396.9549560546875"
"Episode: 144, Total Reward: 1318.48388671875"
"Episode: 145, Total Reward: 1533.564453125"
"Episode: 146, Total Reward: 1770.6004638671875"
"Episode: 147, Total Reward: 1608.425048828125"
"Episode: 148, Total Reward: 1560.864013671875"
"Episode: 149, Total Reward: 1194.8043212890625"
"Episode: 150, Total Reward: 1898.674560546875"
"Episode: 151, Total Reward: 1709.30517578125"
"Episode: 152, Total Reward: 1651.64501953125"
"Episode: 153, Total Reward: 1404.434814453125"
"Episode: 154, Total Reward: 1794.51513671875"
"Episode: 155, Total Reward: 2024.46923828125"
"Episode: 156, Total Reward: 1509.9415283203125"
"Episode: 157, Total Reward: 1819.5048828125"
"Episode: 158, Total Reward: 1508.332275390625"
"Episode: 159, Total Reward: 1512.9959716796875"
"Episode: 160, Total Reward: 1620.0118408203125"
"Episode: 161, Total Reward: 1773.641845703125"
"Episode: 162, Total Reward: 1647.9295654296875"
"Episode: 163, Total Reward: 1620.2275390625"
"Episode: 164, Total Reward: 1271.442626953125"
"Episode: 165, Total Reward: 1450.8297119140625"
"Episode: 166, Total Reward: 1491.097412109375"
"Episode: 167, Total Reward: 1561.956787109375"
"Episode: 168, Total Reward: 1936.61181640625"
"Episode: 169, Total Reward: 1627.3603515625"
"Episode: 170, Total Reward: 1181.86962890625"
"Episode: 171, Total Reward: 1605.14794921875"
"Episode: 172, Total Reward: 1821.367919921875"
"Episode: 173, Total Reward: 1499.1304931640625"
"Episode: 174, Total Reward: 1295.956787109375"
"Episode: 175, Total Reward: 1432.2335205078125"
"Episode: 176, Total Reward: 1497.613525390625"
"Episode: 177, Total Reward: 1594.636474609375"
"Episode: 178, Total Reward: 1159.848876953125"
"Episode: 179, Total Reward: 1813.6878662109375"
"Episode: 180, Total Reward: 1414.999267578125"
"Episode: 181, Total Reward: 1153.3701171875"
"Episode: 182, Total Reward: 1743.9384765625"
"Episode: 183, Total Reward: 1221.6087646484375"
"Episode: 184, Total Reward: 1544.701904296875"
"Episode: 185, Total Reward: 1984.8125"
"Episode: 186, Total Reward: 1421.3643798828125"
"Episode: 187, Total Reward: 1336.918701171875"
"Episode: 188, Total Reward: 1560.0333251953125"
"Episode: 189, Total Reward: 1797.55712890625"
"Episode: 190, Total Reward: 1595.27880859375"
"Episode: 191, Total Reward: 1572.3082275390625"
"Episode: 192, Total Reward: 1645.373779296875"
"Episode: 193, Total Reward: 1518.9656982421875"
"Episode: 194, Total Reward: 1956.3372802734375"
"Episode: 195, Total Reward: 1809.102294921875"
"Episode: 196, Total Reward: 1423.14697265625"
"Episode: 197, Total Reward: 1170.10498046875"
"Episode: 198, Total Reward: 1845.38671875"
"Episode: 199, Total Reward: 1130.6903076171875"
"Episode: 200, Total Reward: 1731.57958984375"
"Episode: 201, Total Reward: 2044.7734375"
"Episode: 202, Total Reward: 1407.4326171875"
"Episode: 203, Total Reward: 1550.77197265625"
"Episode: 204, Total Reward: 1706.751708984375"
"Episode: 205, Total Reward: 1377.1904296875"
"Episode: 206, Total Reward: 1482.122802734375"
"Episode: 207, Total Reward: 1823.1492919921875"
"Episode: 208, Total Reward: 1594.8773193359375"
"Episode: 209, Total Reward: 1476.4755859375"
"Episode: 210, Total Reward: 1699.218505859375"
"Episode: 211, Total Reward: 1243.96484375"
"Episode: 212, Total Reward: 1488.369140625"
"Episode: 213, Total Reward: 1581.826904296875"
"Episode: 214, Total Reward: 1582.802978515625"
"Episode: 215, Total Reward: 897.827880859375"
"Episode: 216, Total Reward: 1532.731689453125"
"Episode: 217, Total Reward: 1707.63232421875"
"Episode: 218, Total Reward: 1725.094482421875"
"Episode: 219, Total Reward: 1487.8720703125"
"Episode: 220, Total Reward: 927.1719360351562"
"Episode: 221, Total Reward: 1315.652587890625"
"Episode: 222, Total Reward: 1209.4117431640625"
"Episode: 223, Total Reward: 1577.821533203125"
"Episode: 224, Total Reward: 1905.2176513671875"
"Episode: 225, Total Reward: 1892.8170166015625"
"Episode: 226, Total Reward: 1750.2637939453125"
"Episode: 227, Total Reward: 1017.8770141601562"
"Episode: 228, Total Reward: 1423.1402587890625"
"Episode: 229, Total Reward: 1465.788818359375"
"Episode: 230, Total Reward: 1579.6461181640625"
"Episode: 231, Total Reward: 1583.5904541015625"
"Episode: 232, Total Reward: 1544.8126220703125"
"Episode: 233, Total Reward: 1412.93408203125"
"Episode: 234, Total Reward: 1809.918701171875"
"Episode: 235, Total Reward: 1923.56787109375"
"Episode: 236, Total Reward: 1355.4400634765625"
"Episode: 237, Total Reward: 1775.7764892578125"
"Episode: 238, Total Reward: 1495.0556640625"
"Episode: 239, Total Reward: 1666.2132568359375"
"Episode: 240, Total Reward: 1462.685302734375"
"Episode: 241, Total Reward: 1520.2401123046875"
"Episode: 242, Total Reward: 1458.2501220703125"
"Episode: 243, Total Reward: 1416.53271484375"
"Episode: 244, Total Reward: 1542.6982421875"
"Episode: 245, Total Reward: 1338.306396484375"
"Episode: 246, Total Reward: 1450.1474609375"
"Episode: 247, Total Reward: 1655.6632080078125"
"Episode: 248, Total Reward: 1544.4708251953125"
"Episode: 249, Total Reward: 1569.838623046875"
"Episode: 250, Total Reward: 1692.76025390625"
"Episode: 251, Total Reward: 1644.2296142578125"
"Episode: 252, Total Reward: 1597.2606201171875"
"Episode: 253, Total Reward: 1652.159423828125"
"Episode: 254, Total Reward: 1628.256103515625"
"Episode: 255, Total Reward: 1959.80078125"
"Episode: 256, Total Reward: 2069.57421875"
"Episode: 257, Total Reward: 1567.3717041015625"
"Episode: 258, Total Reward: 1973.6746826171875"
"Episode: 259, Total Reward: 1318.232666015625"
"Episode: 260, Total Reward: 1244.463134765625"
"Episode: 261, Total Reward: 1748.718017578125"
"Episode: 262, Total Reward: 1779.80859375"
"Episode: 263, Total Reward: 1567.539794921875"
"Episode: 264, Total Reward: 1571.872802734375"
"Episode: 265, Total Reward: 1710.939208984375"
"Episode: 266, Total Reward: 1485.52978515625"
"Episode: 267, Total Reward: 1451.745361328125"
"Episode: 268, Total Reward: 1615.9810791015625"
"Episode: 269, Total Reward: 1515.3544921875"
"Episode: 270, Total Reward: 1406.368408203125"
"Episode: 271, Total Reward: 1628.1409912109375"
"Episode: 272, Total Reward: 1484.230224609375"
"Episode: 273, Total Reward: 1559.29052734375"
"Episode: 274, Total Reward: 1304.2830810546875"
"Episode: 275, Total Reward: 1560.23583984375"
"Episode: 276, Total Reward: 1551.509765625"
"Episode: 277, Total Reward: 1816.36865234375"
"Episode: 278, Total Reward: 1635.3399658203125"
"Episode: 279, Total Reward: 1594.6785888671875"
"Episode: 280, Total Reward: 1623.315673828125"
"Episode: 281, Total Reward: 1692.4844970703125"
"Episode: 282, Total Reward: 1382.2064208984375"
"Episode: 283, Total Reward: 1444.3306884765625"
"Episode: 284, Total Reward: 1759.737060546875"
"Episode: 285, Total Reward: 1245.9456787109375"
"Episode: 286, Total Reward: 2002.77685546875"
"Episode: 287, Total Reward: 1433.3140869140625"
"Episode: 288, Total Reward: 1272.833740234375"
"Episode: 289, Total Reward: 1635.933349609375"
"Episode: 290, Total Reward: 1647.442138671875"
"Episode: 291, Total Reward: 1935.194091796875"
"Episode: 292, Total Reward: 1739.06689453125"
"Episode: 293, Total Reward: 1634.357177734375"
"Episode: 294, Total Reward: 1629.6549072265625"
"Episode: 295, Total Reward: 1560.6451416015625"
"Episode: 296, Total Reward: 1832.822509765625"
"Episode: 297, Total Reward: 1428.303466796875"
"Episode: 298, Total Reward: 1702.5850830078125"
"Episode: 299, Total Reward: 2025.68408203125"
"Episode: 300, Total Reward: 1466.551025390625"
"Episode: 301, Total Reward: 1635.216796875"
"Episode: 302, Total Reward: 1341.1517333984375"
"Episode: 303, Total Reward: 1689.8935546875"
"Episode: 304, Total Reward: 1793.145751953125"
"Episode: 305, Total Reward: 1519.864990234375"
"Episode: 306, Total Reward: 1407.26953125"
"Episode: 307, Total Reward: 1145.8740234375"
"Episode: 308, Total Reward: 1625.6072998046875"
"Episode: 309, Total Reward: 1697.530029296875"
"Episode: 310, Total Reward: 1826.833251953125"
"Episode: 311, Total Reward: 1274.4443359375"
"Episode: 312, Total Reward: 1884.622314453125"
"Episode: 313, Total Reward: 1416.8719482421875"
"Episode: 314, Total Reward: 1415.7413330078125"
"Episode: 315, Total Reward: 1657.3995361328125"
"Episode: 316, Total Reward: 1672.1129150390625"
"Episode: 317, Total Reward: 1732.3062744140625"
"Episode: 318, Total Reward: 1701.435546875"
"Episode: 319, Total Reward: 1812.7476806640625"
"Episode: 320, Total Reward: 1526.055908203125"
"Episode: 321, Total Reward: 1505.263427734375"
"Episode: 322, Total Reward: 1402.9205322265625"
"Episode: 323, Total Reward: 1475.923828125"
"Episode: 324, Total Reward: 1338.357177734375"
"Episode: 325, Total Reward: 1175.44677734375"
"Episode: 326, Total Reward: 1413.3994140625"
"Episode: 327, Total Reward: 1738.0440673828125"
"Episode: 328, Total Reward: 2187.429443359375"
"Episode: 329, Total Reward: 1233.1273193359375"
"Episode: 330, Total Reward: 2018.6240234375"
"Episode: 331, Total Reward: 1430.490234375"
"Episode: 332, Total Reward: 1479.86669921875"
"Episode: 333, Total Reward: 1575.978271484375"
"Episode: 334, Total Reward: 1670.2374267578125"
"Episode: 335, Total Reward: 1236.6600341796875"
"Episode: 336, Total Reward: 1299.2327880859375"
"Episode: 337, Total Reward: 1310.9984130859375"
"Episode: 338, Total Reward: 1695.5166015625"
"Episode: 339, Total Reward: 1581.678466796875"
"Episode: 340, Total Reward: 1893.4803466796875"
"Episode: 341, Total Reward: 1579.638671875"
"Episode: 342, Total Reward: 1655.694091796875"
"Episode: 343, Total Reward: 1699.032470703125"
"Episode: 344, Total Reward: 1336.2490234375"
"Episode: 345, Total Reward: 1437.8851318359375"
"Episode: 346, Total Reward: 1612.382080078125"
"Episode: 347, Total Reward: 1777.563720703125"
"Episode: 348, Total Reward: 2080.6201171875"
"Episode: 349, Total Reward: 1574.40869140625"
"Episode: 350, Total Reward: 1838.12939453125"
"Episode: 351, Total Reward: 1614.897705078125"
"Episode: 352, Total Reward: 1705.490966796875"
"Episode: 353, Total Reward: 1767.352294921875"
"Episode: 354, Total Reward: 1627.90625"
"Episode: 355, Total Reward: 1946.3170166015625"
"Episode: 356, Total Reward: 1218.67138671875"
"Episode: 357, Total Reward: 1570.7384033203125"
"Episode: 358, Total Reward: 1201.6566162109375"
"Episode: 359, Total Reward: 1936.5107421875"
"Episode: 360, Total Reward: 1588.0"
"Episode: 361, Total Reward: 1562.099853515625"
"Episode: 362, Total Reward: 1244.39453125"
"Episode: 363, Total Reward: 1328.3052978515625"
"Episode: 364, Total Reward: 1646.322265625"
"Episode: 365, Total Reward: 1479.7149658203125"
"Episode: 366, Total Reward: 1494.5775146484375"
"Episode: 367, Total Reward: 1648.0322265625"
"Episode: 368, Total Reward: 1713.0096435546875"
"Episode: 369, Total Reward: 1623.5079345703125"
"Episode: 370, Total Reward: 1657.105712890625"
"Episode: 371, Total Reward: 1571.51513671875"
"Episode: 372, Total Reward: 1508.62060546875"
"Episode: 373, Total Reward: 1485.775390625"
"Episode: 374, Total Reward: 1185.4560546875"
"Episode: 375, Total Reward: 1506.3616943359375"
"Episode: 376, Total Reward: 1471.8292236328125"
"Episode: 377, Total Reward: 1503.3245849609375"
"Episode: 378, Total Reward: 1605.401123046875"
"Episode: 379, Total Reward: 1660.2369384765625"
"Episode: 380, Total Reward: 1710.44140625"
"Episode: 381, Total Reward: 1490.6488037109375"
"Episode: 382, Total Reward: 1522.5458984375"
"Episode: 383, Total Reward: 1881.6134033203125"
"Episode: 384, Total Reward: 1616.3955078125"
"Episode: 385, Total Reward: 1722.3631591796875"
"Episode: 386, Total Reward: 1830.9765625"
"Episode: 387, Total Reward: 1883.42333984375"
"Episode: 388, Total Reward: 1365.95556640625"
"Episode: 389, Total Reward: 1623.367431640625"
"Episode: 390, Total Reward: 1717.13818359375"
"Episode: 391, Total Reward: 1007.4247436523438"
"Episode: 392, Total Reward: 1732.7872314453125"
"Episode: 393, Total Reward: 1627.0791015625"
"Episode: 394, Total Reward: 1481.295654296875"
"Episode: 395, Total Reward: 1652.2978515625"
"Episode: 396, Total Reward: 1352.13916015625"
"Episode: 397, Total Reward: 1621.294677734375"
"Episode: 398, Total Reward: 1594.1326904296875"
"Episode: 399, Total Reward: 1382.822998046875"
"Episode: 400, Total Reward: 1239.714599609375"
"Episode: 401, Total Reward: 1392.7530517578125"
"Episode: 402, Total Reward: 1615.73095703125"
"Episode: 403, Total Reward: 1907.174072265625"
"Episode: 404, Total Reward: 1431.084716796875"
"Episode: 405, Total Reward: 1698.810546875"
"Episode: 406, Total Reward: 1344.5662841796875"
"Episode: 407, Total Reward: 1397.03662109375"
"Episode: 408, Total Reward: 1377.20263671875"
"Episode: 409, Total Reward: 1379.00390625"
"Episode: 410, Total Reward: 1754.9359130859375"
"Episode: 411, Total Reward: 1523.9244384765625"
"Episode: 412, Total Reward: 1593.3790283203125"
"Episode: 413, Total Reward: 1518.6220703125"
"Episode: 414, Total Reward: 1542.72021484375"
"Episode: 415, Total Reward: 1301.46240234375"
"Episode: 416, Total Reward: 1409.582763671875"
"Episode: 417, Total Reward: 1470.3187255859375"
"Episode: 418, Total Reward: 1836.9713134765625"
"Episode: 419, Total Reward: 1633.2960205078125"
"Episode: 420, Total Reward: 1391.5703125"
"Episode: 421, Total Reward: 1772.9112548828125"
"Episode: 422, Total Reward: 1422.333984375"
"Episode: 423, Total Reward: 1592.550048828125"
"Episode: 424, Total Reward: 1884.2919921875"
"Episode: 425, Total Reward: 1754.869384765625"
"Episode: 426, Total Reward: 1400.59423828125"
"Episode: 427, Total Reward: 1478.0357666015625"
"Episode: 428, Total Reward: 1520.767822265625"
"Episode: 429, Total Reward: 1368.28955078125"
"Episode: 430, Total Reward: 1468.4327392578125"
"Episode: 431, Total Reward: 1492.5206298828125"
"Episode: 432, Total Reward: 1786.5125732421875"
"Episode: 433, Total Reward: 1408.3531494140625"
"Episode: 434, Total Reward: 1489.8470458984375"
"Episode: 435, Total Reward: 1153.19287109375"
"Episode: 436, Total Reward: 1653.429931640625"
"Episode: 437, Total Reward: 1368.11083984375"
"Episode: 438, Total Reward: 1987.9539794921875"
"Episode: 439, Total Reward: 1870.46630859375"
"Episode: 440, Total Reward: 1579.0263671875"
"Episode: 441, Total Reward: 1609.8067626953125"
"Episode: 442, Total Reward: 1650.029296875"
"Episode: 443, Total Reward: 1335.271240234375"
"Episode: 444, Total Reward: 1509.366455078125"
"Episode: 445, Total Reward: 1322.8409423828125"
"Episode: 446, Total Reward: 1567.3275146484375"
"Episode: 447, Total Reward: 1341.758544921875"
"Episode: 448, Total Reward: 1679.317138671875"
"Episode: 449, Total Reward: 1381.1217041015625"
"Episode: 450, Total Reward: 1534.0098876953125"
"Episode: 451, Total Reward: 1583.8682861328125"
"Episode: 452, Total Reward: 1487.2108154296875"
"Episode: 453, Total Reward: 1425.8597412109375"
"Episode: 454, Total Reward: 1950.1832275390625"
"Episode: 455, Total Reward: 1734.8673095703125"
"Episode: 456, Total Reward: 1959.59423828125"
"Episode: 457, Total Reward: 1686.0897216796875"
"Episode: 458, Total Reward: 1613.295166015625"
"Episode: 459, Total Reward: 1116.6494140625"
"Episode: 460, Total Reward: 1174.40234375"
"Episode: 461, Total Reward: 1280.95556640625"
"Episode: 462, Total Reward: 1271.3875732421875"
"Episode: 463, Total Reward: 1444.288818359375"
"Episode: 464, Total Reward: 2083.666015625"
"Episode: 465, Total Reward: 1581.794921875"
"Episode: 466, Total Reward: 1258.439453125"
"Episode: 467, Total Reward: 1791.9141845703125"
"Episode: 468, Total Reward: 1792.8001708984375"
"Episode: 469, Total Reward: 1590.6026611328125"
"Episode: 470, Total Reward: 1828.8289794921875"
"Episode: 471, Total Reward: 1621.694580078125"
"Episode: 472, Total Reward: 1507.20849609375"
"Episode: 473, Total Reward: 2262.245849609375"
"Episode: 474, Total Reward: 1419.5419921875"
"Episode: 475, Total Reward: 1369.3121337890625"
"Episode: 476, Total Reward: 1486.2830810546875"
"Episode: 477, Total Reward: 1209.5653076171875"
"Episode: 478, Total Reward: 1720.53564453125"
"Episode: 479, Total Reward: 1319.494384765625"
"Episode: 480, Total Reward: 1557.715087890625"
"Episode: 481, Total Reward: 1469.7633056640625"
"Episode: 482, Total Reward: 2063.49365234375"
"Episode: 483, Total Reward: 1393.6470947265625"
"Episode: 484, Total Reward: 1742.50732421875"
"Episode: 485, Total Reward: 1636.308349609375"
"Episode: 486, Total Reward: 1790.4239501953125"
"Episode: 487, Total Reward: 1444.6171875"
"Episode: 488, Total Reward: 1561.919189453125"
"Episode: 489, Total Reward: 1979.8197021484375"
"Episode: 490, Total Reward: 1857.1319580078125"
"Episode: 491, Total Reward: 1708.814697265625"
"Episode: 492, Total Reward: 1487.2552490234375"
"Episode: 493, Total Reward: 1683.5682373046875"
"Episode: 494, Total Reward: 1619.545654296875"
"Episode: 495, Total Reward: 1396.8983154296875"
"Episode: 496, Total Reward: 1533.2249755859375"
"Episode: 497, Total Reward: 1856.1148681640625"
"Episode: 498, Total Reward: 1573.052978515625"
"Episode: 499, Total Reward: 1393.139404296875"
"Episode: 500, Total Reward: 1326.731689453125"
"Episode: 501, Total Reward: 1454.6217041015625"
"Episode: 502, Total Reward: 1517.6820068359375"
"Episode: 503, Total Reward: 2097.144287109375"
"Episode: 504, Total Reward: 1454.00390625"
"Episode: 505, Total Reward: 1054.0537109375"
"Episode: 506, Total Reward: 1835.3497314453125"
"Episode: 507, Total Reward: 1535.68310546875"
"Episode: 508, Total Reward: 1470.224609375"
"Episode: 509, Total Reward: 1897.499267578125"
"Episode: 510, Total Reward: 1503.8692626953125"
"Episode: 511, Total Reward: 1539.302490234375"
"Episode: 512, Total Reward: 1832.3350830078125"
"Episode: 513, Total Reward: 1675.097900390625"
"Episode: 514, Total Reward: 1165.4859619140625"
"Episode: 515, Total Reward: 1635.1942138671875"
"Episode: 516, Total Reward: 1445.6126708984375"
"Episode: 517, Total Reward: 1772.672607421875"
"Episode: 518, Total Reward: 1846.507568359375"
"Episode: 519, Total Reward: 1391.4501953125"
"Episode: 520, Total Reward: 1657.615234375"
"Episode: 521, Total Reward: 1483.0286865234375"
"Episode: 522, Total Reward: 1764.0789794921875"
"Episode: 523, Total Reward: 1599.937255859375"
"Episode: 524, Total Reward: 1858.518798828125"
"Episode: 525, Total Reward: 1661.5667724609375"
"Episode: 526, Total Reward: 2065.38037109375"
"Episode: 527, Total Reward: 1462.906982421875"
"Episode: 528, Total Reward: 2043.3900146484375"
"Episode: 529, Total Reward: 1508.7056884765625"
"Episode: 530, Total Reward: 1431.7130126953125"
"Episode: 531, Total Reward: 1473.758544921875"
"Episode: 532, Total Reward: 1519.1578369140625"
"Episode: 533, Total Reward: 1559.4776611328125"
"Episode: 534, Total Reward: 1321.79833984375"
"Episode: 535, Total Reward: 1563.78662109375"
"Episode: 536, Total Reward: 1577.884765625"
"Episode: 537, Total Reward: 1410.0010986328125"
"Episode: 538, Total Reward: 1452.5927734375"
"Episode: 539, Total Reward: 1774.60009765625"
"Episode: 540, Total Reward: 1285.7027587890625"
"Episode: 541, Total Reward: 1152.910400390625"
"Episode: 542, Total Reward: 1938.8077392578125"
"Episode: 543, Total Reward: 1265.0181884765625"
"Episode: 544, Total Reward: 1546.2392578125"
"Episode: 545, Total Reward: 1682.6083984375"
"Episode: 546, Total Reward: 1580.4935302734375"
"Episode: 547, Total Reward: 1370.4384765625"
"Episode: 548, Total Reward: 2040.71826171875"
"Episode: 549, Total Reward: 1538.3538818359375"
"Episode: 550, Total Reward: 1795.3223876953125"
"Episode: 551, Total Reward: 1750.469970703125"
"Episode: 552, Total Reward: 1672.7833251953125"
"Episode: 553, Total Reward: 1803.63330078125"
"Episode: 554, Total Reward: 1436.2596435546875"
"Episode: 555, Total Reward: 1543.3253173828125"
"Episode: 556, Total Reward: 1647.890380859375"
"Episode: 557, Total Reward: 1830.4703369140625"
"Episode: 558, Total Reward: 1540.533447265625"
"Episode: 559, Total Reward: 1306.281494140625"
"Episode: 560, Total Reward: 1476.8770751953125"
"Episode: 561, Total Reward: 1586.5230712890625"
"Episode: 562, Total Reward: 1547.7593994140625"
"Episode: 563, Total Reward: 1334.7515869140625"
"Episode: 564, Total Reward: 1620.732666015625"
"Episode: 565, Total Reward: 1720.3704833984375"
"Episode: 566, Total Reward: 1593.0279541015625"
"Episode: 567, Total Reward: 1900.9674072265625"
"Episode: 568, Total Reward: 1576.7021484375"
"Episode: 569, Total Reward: 1853.00341796875"
"Episode: 570, Total Reward: 1868.15234375"
"Episode: 571, Total Reward: 1304.8736572265625"
"Episode: 572, Total Reward: 1702.08544921875"
"Episode: 573, Total Reward: 1604.94189453125"
"Episode: 574, Total Reward: 1649.2572021484375"
"Episode: 575, Total Reward: 2008.92236328125"
"Episode: 576, Total Reward: 1520.716552734375"
"Episode: 577, Total Reward: 1357.568359375"
"Episode: 578, Total Reward: 1640.0982666015625"
"Episode: 579, Total Reward: 1708.803466796875"
"Episode: 580, Total Reward: 1495.7034912109375"
"Episode: 581, Total Reward: 1048.7388916015625"
"Episode: 582, Total Reward: 1455.193359375"
"Episode: 583, Total Reward: 1713.631103515625"
"Episode: 584, Total Reward: 1660.9974365234375"
"Episode: 585, Total Reward: 1164.6295166015625"
"Episode: 586, Total Reward: 1528.0255126953125"
"Episode: 587, Total Reward: 1356.0589599609375"
"Episode: 588, Total Reward: 1319.11865234375"
"Episode: 589, Total Reward: 1570.0811767578125"
"Episode: 590, Total Reward: 1502.7548828125"
"Episode: 591, Total Reward: 1456.021728515625"
"Episode: 592, Total Reward: 899.449951171875"
"Episode: 593, Total Reward: 1204.0804443359375"
"Episode: 594, Total Reward: 1637.726318359375"
"Episode: 595, Total Reward: 1781.4656982421875"
"Episode: 596, Total Reward: 1577.5689697265625"
"Episode: 597, Total Reward: 1724.291015625"
"Episode: 598, Total Reward: 1616.1630859375"
"Episode: 599, Total Reward: 1816.1234130859375"
"Episode: 600, Total Reward: 2045.836669921875"
"Episode: 601, Total Reward: 1538.94775390625"
"Episode: 602, Total Reward: 1793.704833984375"
"Episode: 603, Total Reward: 1712.6805419921875"
"Episode: 604, Total Reward: 1422.25390625"
"Episode: 605, Total Reward: 1717.889892578125"
"Episode: 606, Total Reward: 1421.729248046875"
"Episode: 607, Total Reward: 1632.3179931640625"
"Episode: 608, Total Reward: 1883.62841796875"
"Episode: 609, Total Reward: 1398.379150390625"
"Episode: 610, Total Reward: 1640.9761962890625"
"Episode: 611, Total Reward: 1259.54150390625"
"Episode: 612, Total Reward: 2203.334716796875"
"Episode: 613, Total Reward: 1600.5367431640625"
"Episode: 614, Total Reward: 1670.534912109375"
"Episode: 615, Total Reward: 1157.5299072265625"
"Episode: 616, Total Reward: 1697.8538818359375"
"Episode: 617, Total Reward: 1835.1849365234375"
"Episode: 618, Total Reward: 1467.5540771484375"
"Episode: 619, Total Reward: 1801.2337646484375"
"Episode: 620, Total Reward: 1615.8421630859375"
"Episode: 621, Total Reward: 1772.0206298828125"
"Episode: 622, Total Reward: 1635.759521484375"
"Episode: 623, Total Reward: 1569.85498046875"
"Episode: 624, Total Reward: 1671.298583984375"
"Episode: 625, Total Reward: 1551.9468994140625"
"Episode: 626, Total Reward: 1658.0738525390625"
"Episode: 627, Total Reward: 1788.57421875"
"Episode: 628, Total Reward: 1597.7540283203125"
"Episode: 629, Total Reward: 1293.862060546875"
"Episode: 630, Total Reward: 1161.6890869140625"
"Episode: 631, Total Reward: 1777.524658203125"
"Episode: 632, Total Reward: 1557.6943359375"
"Episode: 633, Total Reward: 1435.7484130859375"
"Episode: 634, Total Reward: 1661.3270263671875"
"Episode: 635, Total Reward: 1532.3740234375"
"Episode: 636, Total Reward: 1634.51953125"
"Episode: 637, Total Reward: 1744.374267578125"
"Episode: 638, Total Reward: 1325.3046875"
"Episode: 639, Total Reward: 1440.383056640625"
"Episode: 640, Total Reward: 1359.952880859375"
"Episode: 641, Total Reward: 1585.15283203125"
"Episode: 642, Total Reward: 1507.9302978515625"
"Episode: 643, Total Reward: 1859.286865234375"
"Episode: 644, Total Reward: 1387.2119140625"
"Episode: 645, Total Reward: 1403.18896484375"
"Episode: 646, Total Reward: 1837.9046630859375"
"Episode: 647, Total Reward: 1826.114990234375"
"Episode: 648, Total Reward: 1546.5577392578125"
"Episode: 649, Total Reward: 1744.3360595703125"
"Episode: 650, Total Reward: 1576.812744140625"
"Episode: 651, Total Reward: 1624.202392578125"
"Episode: 652, Total Reward: 1426.376220703125"
"Episode: 653, Total Reward: 1641.0020751953125"
"Episode: 654, Total Reward: 1386.8494873046875"
"Episode: 655, Total Reward: 1582.90869140625"
"Episode: 656, Total Reward: 1314.97802734375"
"Episode: 657, Total Reward: 1791.4844970703125"
"Episode: 658, Total Reward: 1282.486572265625"
"Episode: 659, Total Reward: 1552.6966552734375"
"Episode: 660, Total Reward: 1479.157958984375"
"Episode: 661, Total Reward: 1475.0584716796875"
"Episode: 662, Total Reward: 1400.8682861328125"
"Episode: 663, Total Reward: 1306.443115234375"
"Episode: 664, Total Reward: 1678.6719970703125"
"Episode: 665, Total Reward: 1268.675048828125"
"Episode: 666, Total Reward: 1887.6009521484375"
"Episode: 667, Total Reward: 1691.138916015625"
"Episode: 668, Total Reward: 1881.4393310546875"
"Episode: 669, Total Reward: 1605.755615234375"
"Episode: 670, Total Reward: 1519.8616943359375"
"Episode: 671, Total Reward: 1723.2896728515625"
"Episode: 672, Total Reward: 1456.2647705078125"
"Episode: 673, Total Reward: 1437.986083984375"
"Episode: 674, Total Reward: 1590.5538330078125"
"Episode: 675, Total Reward: 1989.031005859375"
"Episode: 676, Total Reward: 1317.999267578125"
"Episode: 677, Total Reward: 1558.048095703125"
"Episode: 678, Total Reward: 1740.341552734375"
"Episode: 679, Total Reward: 1931.70703125"
"Episode: 680, Total Reward: 1271.6689453125"
"Episode: 681, Total Reward: 1739.990234375"
"Episode: 682, Total Reward: 1278.623779296875"
"Episode: 683, Total Reward: 1764.3297119140625"
"Episode: 684, Total Reward: 1617.4976806640625"
"Episode: 685, Total Reward: 1379.2958984375"
"Episode: 686, Total Reward: 1802.7166748046875"
"Episode: 687, Total Reward: 1599.439697265625"
"Episode: 688, Total Reward: 1887.2535400390625"
"Episode: 689, Total Reward: 1734.3994140625"
"Episode: 690, Total Reward: 1369.44189453125"
"Episode: 691, Total Reward: 1766.80322265625"
"Episode: 692, Total Reward: 1431.0731201171875"
"Episode: 693, Total Reward: 2025.9739990234375"
"Episode: 694, Total Reward: 1489.5072021484375"
"Episode: 695, Total Reward: 1283.6531982421875"
"Episode: 696, Total Reward: 1970.6812744140625"
"Episode: 697, Total Reward: 1465.354736328125"
"Episode: 698, Total Reward: 1463.0655517578125"
"Episode: 699, Total Reward: 1916.353515625"
"Episode: 700, Total Reward: 1394.853759765625"
"Episode: 701, Total Reward: 1534.1240234375"
"Episode: 702, Total Reward: 1683.7725830078125"
"Episode: 703, Total Reward: 1792.66552734375"
"Episode: 704, Total Reward: 1258.1109619140625"
"Episode: 705, Total Reward: 1734.129150390625"
"Episode: 706, Total Reward: 1601.639404296875"
"Episode: 707, Total Reward: 1669.614013671875"
"Episode: 708, Total Reward: 1826.509765625"
"Episode: 709, Total Reward: 1415.960205078125"
"Episode: 710, Total Reward: 1733.8421630859375"
"Episode: 711, Total Reward: 1435.3135986328125"
"Episode: 712, Total Reward: 1247.918212890625"
"Episode: 713, Total Reward: 1584.8095703125"
"Episode: 714, Total Reward: 1466.1455078125"
"Episode: 715, Total Reward: 1900.1558837890625"
"Episode: 716, Total Reward: 1306.3851318359375"
"Episode: 717, Total Reward: 2127.93798828125"
"Episode: 718, Total Reward: 1566.7193603515625"
"Episode: 719, Total Reward: 1520.91455078125"
"Episode: 720, Total Reward: 1618.9873046875"
"Episode: 721, Total Reward: 1838.960205078125"
"Episode: 722, Total Reward: 1381.11083984375"
"Episode: 723, Total Reward: 1452.9088134765625"
"Episode: 724, Total Reward: 1279.487548828125"
"Episode: 725, Total Reward: 1563.6988525390625"
"Episode: 726, Total Reward: 1232.6414794921875"
"Episode: 727, Total Reward: 1629.1190185546875"
"Episode: 728, Total Reward: 1292.2874755859375"
"Episode: 729, Total Reward: 1379.236083984375"
"Episode: 730, Total Reward: 1637.09423828125"
"Episode: 731, Total Reward: 1711.9490966796875"
"Episode: 732, Total Reward: 1783.4876708984375"
"Episode: 733, Total Reward: 1690.7315673828125"
"Episode: 734, Total Reward: 1487.1131591796875"
"Episode: 735, Total Reward: 1501.320556640625"
"Episode: 736, Total Reward: 1552.7310791015625"
"Episode: 737, Total Reward: 1809.93505859375"
"Episode: 738, Total Reward: 1337.0433349609375"
"Episode: 739, Total Reward: 1225.7081298828125"
"Episode: 740, Total Reward: 1803.5047607421875"
"Episode: 741, Total Reward: 1556.6456298828125"
"Episode: 742, Total Reward: 1324.5753173828125"
"Episode: 743, Total Reward: 1550.590087890625"
"Episode: 744, Total Reward: 1584.709228515625"
"Episode: 745, Total Reward: 1344.9547119140625"
"Episode: 746, Total Reward: 1375.64501953125"
"Episode: 747, Total Reward: 1767.5499267578125"
"Episode: 748, Total Reward: 1685.7769775390625"
"Episode: 749, Total Reward: 1660.881591796875"
"Episode: 750, Total Reward: 1539.51806640625"
"Episode: 751, Total Reward: 1497.90380859375"
"Episode: 752, Total Reward: 1251.391357421875"
"Episode: 753, Total Reward: 1495.1593017578125"
"Episode: 754, Total Reward: 1441.3028564453125"
"Episode: 755, Total Reward: 1584.2716064453125"
"Episode: 756, Total Reward: 1322.2945556640625"
"Episode: 757, Total Reward: 1379.90380859375"
"Episode: 758, Total Reward: 1840.8572998046875"
"Episode: 759, Total Reward: 1552.7630615234375"
"Episode: 760, Total Reward: 1219.9896240234375"
"Episode: 761, Total Reward: 1679.85693359375"
"Episode: 762, Total Reward: 1537.37548828125"
"Episode: 763, Total Reward: 1436.3587646484375"
"Episode: 764, Total Reward: 1604.0128173828125"
"Episode: 765, Total Reward: 1313.6434326171875"
"Episode: 766, Total Reward: 1418.5960693359375"
"Episode: 767, Total Reward: 1886.7423095703125"
"Episode: 768, Total Reward: 1696.1376953125"
"Episode: 769, Total Reward: 1363.4517822265625"
"Episode: 770, Total Reward: 1111.3843994140625"
"Episode: 771, Total Reward: 1424.352294921875"
"Episode: 772, Total Reward: 1412.608154296875"
"Episode: 773, Total Reward: 1559.31494140625"
"Episode: 774, Total Reward: 1358.9537353515625"
"Episode: 775, Total Reward: 1873.7388916015625"
"Episode: 776, Total Reward: 1890.5625"
"Episode: 777, Total Reward: 2011.817626953125"
"Episode: 778, Total Reward: 1592.4075927734375"
"Episode: 779, Total Reward: 1798.373291015625"
"Episode: 780, Total Reward: 1451.059326171875"
"Episode: 781, Total Reward: 1644.001220703125"
"Episode: 782, Total Reward: 1662.0341796875"
"Episode: 783, Total Reward: 1493.02734375"
"Episode: 784, Total Reward: 1608.227294921875"
"Episode: 785, Total Reward: 1574.666748046875"
"Episode: 786, Total Reward: 1020.2296752929688"
"Episode: 787, Total Reward: 1187.0084228515625"
"Episode: 788, Total Reward: 1698.9205322265625"
"Episode: 789, Total Reward: 1661.298828125"
"Episode: 790, Total Reward: 1615.3116455078125"
"Episode: 791, Total Reward: 1795.625"
"Episode: 792, Total Reward: 2047.43505859375"
"Episode: 793, Total Reward: 1332.545654296875"
"Episode: 794, Total Reward: 1451.2752685546875"
"Episode: 795, Total Reward: 1460.141357421875"
"Episode: 796, Total Reward: 1610.5274658203125"
"Episode: 797, Total Reward: 1267.6258544921875"
"Episode: 798, Total Reward: 1657.358154296875"
"Episode: 799, Total Reward: 1581.282470703125"
"Episode: 800, Total Reward: 1604.0096435546875"
"Episode: 801, Total Reward: 1948.109130859375"
"Episode: 802, Total Reward: 1582.233642578125"
"Episode: 803, Total Reward: 1623.7012939453125"
"Episode: 804, Total Reward: 1783.3026123046875"
"Episode: 805, Total Reward: 1548.6024169921875"
"Episode: 806, Total Reward: 1510.019775390625"
"Episode: 807, Total Reward: 827.8012084960938"
"Episode: 808, Total Reward: 1660.973388671875"
"Episode: 809, Total Reward: 1367.92431640625"
"Episode: 810, Total Reward: 1534.33447265625"
"Episode: 811, Total Reward: 1457.592041015625"
"Episode: 812, Total Reward: 1624.937255859375"
"Episode: 813, Total Reward: 1356.614013671875"
"Episode: 814, Total Reward: 1544.475341796875"
"Episode: 815, Total Reward: 1454.111328125"
"Episode: 816, Total Reward: 1322.489013671875"
"Episode: 817, Total Reward: 1835.8515625"
"Episode: 818, Total Reward: 1543.2884521484375"
"Episode: 819, Total Reward: 1400.1917724609375"
"Episode: 820, Total Reward: 1562.4754638671875"
"Episode: 821, Total Reward: 1592.84619140625"
"Episode: 822, Total Reward: 1777.22021484375"
"Episode: 823, Total Reward: 1329.529296875"
"Episode: 824, Total Reward: 1415.7384033203125"
"Episode: 825, Total Reward: 1668.218994140625"
"Episode: 826, Total Reward: 1369.489990234375"
"Episode: 827, Total Reward: 1470.18798828125"
"Episode: 828, Total Reward: 1368.1376953125"
"Episode: 829, Total Reward: 1718.4769287109375"
"Episode: 830, Total Reward: 1669.96533203125"
"Episode: 831, Total Reward: 1884.010986328125"
"Episode: 832, Total Reward: 1520.617431640625"
"Episode: 833, Total Reward: 1427.6690673828125"
"Episode: 834, Total Reward: 1547.220458984375"
"Episode: 835, Total Reward: 1720.8074951171875"
"Episode: 836, Total Reward: 2265.635009765625"
"Episode: 837, Total Reward: 1826.6185302734375"
"Episode: 838, Total Reward: 1434.5115966796875"
"Episode: 839, Total Reward: 1925.061767578125"
"Episode: 840, Total Reward: 1290.58447265625"
"Episode: 841, Total Reward: 1553.187744140625"
"Episode: 842, Total Reward: 1359.1583251953125"
"Episode: 843, Total Reward: 1337.3017578125"
"Episode: 844, Total Reward: 1634.7109375"
"Episode: 845, Total Reward: 1558.7008056640625"
"Episode: 846, Total Reward: 1630.8267822265625"
"Episode: 847, Total Reward: 1776.597412109375"
"Episode: 848, Total Reward: 1611.677978515625"
"Episode: 849, Total Reward: 1574.470703125"
"Episode: 850, Total Reward: 1714.185546875"
"Episode: 851, Total Reward: 1407.4957275390625"
"Episode: 852, Total Reward: 1320.0076904296875"
"Episode: 853, Total Reward: 1493.10595703125"
"Episode: 854, Total Reward: 1655.8238525390625"
"Episode: 855, Total Reward: 1217.1888427734375"
"Episode: 856, Total Reward: 1507.9114990234375"
"Episode: 857, Total Reward: 1445.893310546875"
"Episode: 858, Total Reward: 1636.5328369140625"
"Episode: 859, Total Reward: 1673.94140625"
"Episode: 860, Total Reward: 1555.234375"
"Episode: 861, Total Reward: 1686.1942138671875"
"Episode: 862, Total Reward: 1524.6856689453125"
"Episode: 863, Total Reward: 1634.9595947265625"
"Episode: 864, Total Reward: 1633.519287109375"
"Episode: 865, Total Reward: 1977.6640625"
"Episode: 866, Total Reward: 1390.1043701171875"
"Episode: 867, Total Reward: 1337.48583984375"
"Episode: 868, Total Reward: 1586.794677734375"
"Episode: 869, Total Reward: 1433.22021484375"
"Episode: 870, Total Reward: 1202.6817626953125"
"Episode: 871, Total Reward: 1707.3087158203125"